{"cameraMode":{"drawMode":0,"name":"Shaded","section":"Shading Mode"},"sceneLighting":true,"audioPlay":false,"sceneViewState":{"m_AlwaysRefresh":false,"showFog":true,"showSkybox":true,"showFlares":true,"showImageEffects":true,"showParticleSystems":true,"showVisualEffectGraphs":true,"m_FxEnabled":true},"in2DMode":false,"pivot":{"x":0.1857808530330658,"y":-0.7818993926048279,"z":2.61867356300354},"rotation":{"x":0.0015271699521690608,"y":0.9701631665229797,"z":-0.2423667013645172,"w":0.006113008130341768},"size":4.1570539474487309,"orthographic":false}